Model,F1_Class1,Accuracy,Precision,Recall,AUC,Best_Threshold
Logistic Regression,0.28337874659400547,0.5191956124314442,0.1875,0.5799256505576208,0.5761919212719606,0.4799999999999999
Decision Tree,0.3078982597054886,0.6849482023156612,0.2405857740585774,0.4275092936802974,0.573611096058179,0.05
Random Forest,0.3147605083088954,0.5728214503351615,0.21352785145888595,0.5985130111524164,0.6221197719661417,0.14999999999999997
XGBoost,0.31129476584022037,0.6953077391834247,0.24726477024070023,0.4200743494423792,0.6375600160404045,0.5299999999999999
LightGBM,0.2835130970724191,0.716636197440585,0.24210526315789474,0.3420074349442379,0.6388660084320503,0.25999999999999995
CatBoost,0.32299741602067183,0.6806825106642291,0.24752475247524752,0.4646840148698885,0.6446373026109009,0.26999999999999996
