Model,Val_F1,Val_F05,Val_Acc,Val_Prec,Val_Rec,Val_AUC,Threshold
Random Forest,0.3273615635179153,0.24500243783520234,0.49695493300852617,0.20981210855949894,0.7444444444444445,0.6303584926033905,0.33
LightGBM,0.3229308005427408,0.2782974742750234,0.6961023142509135,0.25481798715203424,0.44074074074074077,0.617049994601015,0.46
XGBoost,0.3125,0.25510204081632654,0.6382460414129111,0.22727272727272727,0.5,0.6061116510096103,0.5
CatBoost,0.3121951219512195,0.23357664233576642,0.48477466504263095,0.2,0.7111111111111111,0.6025645178706404,0.46
Logistic Regression,0.2993939393939394,0.21329879101899826,0.29598051157125455,0.17898550724637682,0.9148148148148149,0.5724030882194147,0.34
Decision Tree,0.2922804949911609,0.20742723318835732,0.2685749086479903,0.17379117028731605,0.9185185185185185,0.5061669906057662,0.32
