Model,Val_F1,Val_Prec,Val_Rec,Val_AUC,Threshold
LightGBM,0.4134366925064599,0.31746031746031744,0.5925925925925926,0.7163697224921715,0.17
CatBoost,0.383739837398374,0.34202898550724636,0.43703703703703706,0.6929327286470144,0.28
Random Forest,0.38148984198645597,0.27435064935064934,0.6259259259259259,0.6932512687614728,0.35000000000000003
XGBoost,0.3720452209660843,0.2574679943100996,0.6703703703703704,0.6946981967390131,0.14
Logistic Regression,0.3256198347107438,0.20957446808510638,0.7296296296296296,0.616326530612245,0.39
Decision Tree,0.28850174216027874,0.17768240343347638,0.7666666666666667,0.5493440233236151,0.23
