Model,Val_F1,Val_F05,Val_Acc,Val_Prec,Val_Rec,Val_AUC,Threshold
XGBoost,0.36312849162011174,0.31645569620253167,0.7222898903775883,0.2914798206278027,0.48148148148148145,0.6721898283122771,0.22
CatBoost,0.3559539052496799,0.3003457216940363,0.6936662606577345,0.2720156555772994,0.5148148148148148,0.6645583630277508,0.22
LightGBM,0.34833659491193736,0.27150701647345943,0.5943970767356882,0.23670212765957446,0.6592592592592592,0.6627551020408163,0.06999999999999999
Random Forest,0.3469640644361834,0.2894954507857734,0.6790499390986602,0.260707635009311,0.5185185185185185,0.6478727999136162,0.26
Logistic Regression,0.3148558758314856,0.2537526804860615,0.6236297198538368,0.22468354430379747,0.5259259259259259,0.6105172227621207,0.21000000000000002
Decision Tree,0.2846441947565543,0.20364415862808147,0.3020706455542022,0.17117117117117117,0.8444444444444444,0.5077084008206457,0.02
