Model,Val_F1,Val_Prec,Val_Rec,Val_AUC,Threshold
LightGBM,0.41721854304635764,0.3772455089820359,0.4666666666666667,0.7226433430515062,0.18000000000000002
XGBoost,0.38290598290598293,0.35555555555555557,0.4148148148148148,0.7100475110679193,0.25
CatBoost,0.3797216699801193,0.2595108695652174,0.7074074074074074,0.6893289061656408,0.18000000000000002
Random Forest,0.3787289234760052,0.29141716566866266,0.5407407407407407,0.6959345643019113,0.38
Logistic Regression,0.3246753246753247,0.2079002079002079,0.7407407407407407,0.6115295324478998,0.38
Decision Tree,0.29085872576177285,0.1788756388415673,0.7777777777777778,0.5484653385163589,0.23
