Model,Val_F1,Val_Prec,Val_Rec,Val_AUC,Threshold
LightGBM,0.4258064516129032,0.37714285714285717,0.4888888888888889,0.7316407515387107,0.17
Random Forest,0.3939038686987104,0.2881646655231561,0.6222222222222222,0.6966202353957457,0.35000000000000003
CatBoost,0.39313984168865435,0.305327868852459,0.5518518518518518,0.6978134110787172,0.24000000000000002
XGBoost,0.3878787878787879,0.3282051282051282,0.4740740740740741,0.703390562574236,0.22
Logistic Regression,0.3202785030461271,0.20932878270762229,0.6814814814814815,0.6125229456862109,0.41000000000000003
Decision Tree,0.27522935779816515,0.19933554817275748,0.4444444444444444,0.536807580174927,0.060000000000000005
