Model,Val_F05,Val_F1,Val_Prec,Val_Rec,Val_AUC,Threshold
XGBoost,0.3445635528330781,0.34026465028355385,0.3474903474903475,0.3333333333333333,0.6479159917935429,0.28
CatBoost,0.32323232323232326,0.28444444444444444,0.35555555555555557,0.23703703703703705,0.6399227945146312,0.35000000000000003
LightGBM,0.303347280334728,0.31016042780748665,0.29896907216494845,0.32222222222222224,0.6368966634272757,0.24000000000000002
Logistic Regression,0.2733755942947702,0.26640926640926643,0.2782258064516129,0.25555555555555554,0.6200167368534715,0.6900000000000001
Random Forest,0.26857654431512984,0.31537450722733246,0.24439918533604887,0.4444444444444444,0.6200518302559119,0.38
Decision Tree,0.20497547302032235,0.2554585152838428,0.18111455108359134,0.43333333333333335,0.5267722168232373,0.47000000000000003
