Model,Val_F05,Val_F1,Val_Prec,Val_Rec,Val_AUC,Threshold
XGBoost,0.4135618479880775,0.41263940520446096,0.4141791044776119,0.4111111111111111,0.7240308821941475,0.25
LightGBM,0.37447988904299584,0.3836589698046181,0.36860068259385664,0.4,0.7152224381816219,0.23
CatBoost,0.34941763727121466,0.33399602385685884,0.3605150214592275,0.3111111111111111,0.6933727459237663,0.31
Random Forest,0.296010296010296,0.311336717428088,0.2866043613707165,0.34074074074074073,0.6703163805204622,0.41000000000000003
Logistic Regression,0.26203966005665724,0.30327868852459017,0.24025974025974026,0.4111111111111111,0.6213826800561495,0.5700000000000001
Decision Tree,0.2201974183750949,0.2694541231126597,0.19627749576988154,0.42962962962962964,0.5522662239498974,0.33
