Model,Val_F05,Val_F1,Val_Prec,Val_Rec,Val_AUC,Threshold
CatBoost,0.322706065318818,0.31679389312977096,0.32677165354330706,0.3074074074074074,0.6437020840082065,0.31
LightGBM,0.2912621359223301,0.32432432432432434,0.2727272727272727,0.4,0.6448547673037469,0.2
Random Forest,0.2864157119476268,0.2755905511811024,0.29411764705882354,0.25925925925925924,0.6244223086059821,0.42000000000000004
XGBoost,0.28523489932885904,0.23943661971830985,0.3269230769230769,0.18888888888888888,0.6250998812223303,0.34
Logistic Regression,0.27349228611500703,0.27906976744186046,0.2698961937716263,0.28888888888888886,0.620197602850664,0.66
Decision Tree,0.22013460459899045,0.2870201096892139,0.19053398058252427,0.5814814814814815,0.552309415829824,0.35000000000000003
