Model,Val_F05,Val_F1,Val_Prec,Val_Rec,Val_AUC,Threshold
LightGBM,0.41750503018108653,0.36807095343680707,0.4585635359116022,0.3074074074074074,0.7287010042112083,0.29000000000000004
XGBoost,0.38596491228070173,0.25507246376811593,0.5866666666666667,0.16296296296296298,0.7150604686318972,0.41000000000000003
CatBoost,0.35974499089253187,0.3312368972746331,0.38164251207729466,0.29259259259259257,0.6979321887485153,0.32
Random Forest,0.31966224366706875,0.34359805510534847,0.30547550432276654,0.3925925925925926,0.6843807364215528,0.41000000000000003
Logistic Regression,0.25987107171635776,0.3134872417982989,0.2332730560578662,0.4777777777777778,0.621879386675305,0.53
Decision Tree,0.20813844714686622,0.24151967435549526,0.1905781584582441,0.3296296296296296,0.5248002375553397,0.02
