Model,Val_F05,Val_F1,Val_Prec,Val_Rec,Val_AUC,Threshold
XGBoost,0.321482602118003,0.31894934333958724,0.3231939163498099,0.3148148148148148,0.6452623906705539,0.28
LightGBM,0.29158699808795413,0.2629310344827586,0.31443298969072164,0.22592592592592592,0.6487744304070835,0.3
CatBoost,0.2905811623246493,0.25663716814159293,0.31868131868131866,0.21481481481481482,0.6268653493143288,0.34
Random Forest,0.27879341864716634,0.25630252100840334,0.2961165048543689,0.22592592592592592,0.6209534607493791,0.45
Logistic Regression,0.2626193724420191,0.27065026362038663,0.25752508361204013,0.2851851851851852,0.594506532771839,0.66
Decision Tree,0.20497547302032235,0.2554585152838428,0.18111455108359134,0.43333333333333335,0.5222181729834791,0.45
