Model,Val_F05,Val_Acc,Val_Prec,Val_Rec,Val_F1,Val_AUC,Threshold
XGBoost,0.34415584415584416,0.8239951278928136,0.424,0.1962962962962963,0.2683544303797468,0.6721898283122771,0.41000000000000003
CatBoost,0.3347107438016529,0.7911084043848965,0.3446808510638298,0.3,0.3207920792079208,0.6645583630277508,0.3
Random Forest,0.33410138248847926,0.784409257003654,0.3372093023255814,0.32222222222222224,0.32954545454545453,0.6478727999136162,0.33
LightGBM,0.3148710166919575,0.7771010962241169,0.31679389312977096,0.3074074074074074,0.31203007518796994,0.6627551020408163,0.23
Logistic Regression,0.2546501328609389,0.6729598051157125,0.23138832997987926,0.42592592592592593,0.29986962190352023,0.5932809631789223,0.31
Decision Tree,0.20364415862808147,0.3020706455542022,0.17117117117117117,0.8444444444444444,0.2846441947565543,0.5077084008206457,0.02
