Model,CV F1,Train F1,Val F1,Test F1,Test Acc,Test Precision,Test Recall
Logistic Regression,0.8281528185417145,0.8304348322624057,0.8087891730770849,0.8336668041331445,0.8571428571428571,0.837622877851366,0.8571428571428571
Decision Tree,0.8190328268677316,0.8548102646546784,0.8049447187442672,0.8188224775786838,0.8404452690166976,0.8142526783594584,0.8404452690166976
Random Forest,0.8238108947498891,0.9323728622477835,0.8130897832657451,0.8218180487975038,0.852195423623995,0.8302970825779135,0.852195423623995
