Model,Val_F05,Val_F1,Val_Prec,Val_Rec,Val_AUC,Threshold
XGBoost,0.3904282115869018,0.3092269326683292,0.4732824427480916,0.22962962962962963,0.6936939855307203,0.38
LightGBM,0.37593984962406013,0.29850746268656714,0.45454545454545453,0.2222222222222222,0.7124932512687615,0.33
CatBoost,0.3363914373088685,0.24043715846994534,0.4583333333333333,0.16296296296296298,0.6729564841809739,0.4
Random Forest,0.3181818181818182,0.30495049504950494,0.3276595744680851,0.2851851851851852,0.6867589893100097,0.42000000000000004
Logistic Regression,0.2631578947368421,0.24267782426778242,0.27884615384615385,0.21481481481481482,0.6159486016628873,0.68
Decision Tree,0.21270280965571825,0.2933151432469304,0.1797658862876254,0.7962962962962963,0.5330080444876364,0.03
