Model,Val_F05,Val_F1,Val_Prec,Val_Rec,Val_AUC,Threshold
XGBoost,0.3904282115869018,0.3092269326683292,0.4732824427480916,0.22962962962962963,0.6936939855307203,0.38
LightGBM,0.37593984962406013,0.29850746268656714,0.45454545454545453,0.2222222222222222,0.7124932512687615,0.33
CatBoost,0.3363914373088685,0.24043715846994534,0.4583333333333333,0.16296296296296298,0.6729564841809739,0.4
Random Forest,0.33251231527093594,0.31952662721893493,0.34177215189873417,0.3,0.6897554259799157,0.42000000000000004
Logistic Regression,0.26032315978456017,0.24116424116424118,0.27488151658767773,0.21481481481481482,0.6159701976028507,0.68
Decision Tree,0.21171349426197072,0.29195088676671216,0.17892976588628762,0.7925925925925926,0.5299994601015009,0.03
