Model,Val_F05,Val_F1,Val_Prec,Val_Rec,Val_AUC,Threshold
CatBoost,0.31017369727047145,0.24752475247524752,0.373134328358209,0.18518518518518517,0.6301533311737393,0.38
LightGBM,0.30409356725146197,0.33015873015873015,0.28888888888888886,0.3851851851851852,0.6425143073102256,0.22
Random Forest,0.2737556561085973,0.3205298013245033,0.24948453608247423,0.44814814814814813,0.6371099233344132,0.39
XGBoost,0.2682701202590194,0.3122476446837147,0.2452431289640592,0.42962962962962964,0.6157461397257316,0.37
Logistic Regression,0.23894255210981188,0.31703204047217537,0.2052401746724891,0.6962962962962963,0.582102364755426,0.34
Decision Tree,0.2084115659031168,0.2894393741851369,0.17563291139240506,0.8222222222222222,0.4977553719900659,0.17
